INSERT INTO countries (country_id, alpha2_code, name, phonecode, popular_destination) VALUES
  (1, 'AL', 'Albania', 355, 0),
  (2, 'BG', 'Bulgaria', 359, 0),
  (3, 'CV', 'Cape Verde', 238, 0),
  (4, 'CN', 'China', 86, 1),
  (5, 'HR', 'Croatia', 385, 1),
  (6, 'CU', 'Cuba', 53, 1),
  (7, 'EG', 'Egypt', 20, 1),
  (8, 'FR', 'France', 33, 0),
  (9, 'GR', 'Greece', 30, 1),
  (10, 'IT', 'Italy', 39, 1),
  (11, 'JP', 'Japan', 81, 1),
  (12, 'MV', 'Maldives', 960, 1),
  (13, 'MA', 'Morocco', 212, 0),
  (14, 'OM', 'Oman', 968, 0),
  (15, 'PL', 'Poland', 48, 0),
  (16, 'ES', 'Spain', 34, 1),
  (17, 'TH', 'Thailand', 66, 1),
  (18, 'TN', 'Tunisia', 216, 1),
  (19, 'TR', 'Turkey', 90, 0),
  (20, 'UA', 'Ukraine', 380, 0),
  (21, 'AE', 'United Arab Emirates', 971, 1),
  (22, 'GB', 'United Kingdom', 44, 0),
  (23, 'US', 'United States', 1, 0);

INSERT INTO country_informations(country_information_id, information, country_id) VALUES
  (1, 'fascinating country full of contrasts, shrouded in a bit of mystery', 1),
  (2, 'monuments of architecture', 1),
  (3, 'Mediterranean climate, friendly and hospitable inhabitants', 1),
  (4, 'wonderful landscapes, pristine nature still in many places', 1),
  (5, 'delicious cooking', 1),
  (6, 'popular resorts', 2),
  (7, 'excellent cuisine and superb wines', 2),
  (8, 'balkan folklore and hospitality', 2),
  (9, 'competitive prices in shops and restaurants', 2),
  (10, 'turquoise sea and endless beaches on Sal island', 3),
  (11, 'one of the best places in the world for windsurfing and kitesurfing', 3),
  (12, 'original music - morna and excellent cooking', 3),
  (13, 'exotic landscapes and wonderful weather', 3),
  (14, 'the Great Wall of China can be seen from space', 4),
  (15, 'colourful palaces of the Ming, Qing and Tang Dynasties', 4),
  (16, 'culinary delicacies are eaten with chopsticks and Chinese tea ceremony', 4),
  (17, 'rice fields and snow-covered peaks', 4),
  (18, 'Beijing with well-known Tiananmen and the Forbidden City', 4),
  (19, 'Shaolin is the cradle of martial arts', 4),
  (20, 'crystal clear sea, unspoilt nature and wonderful scenery', 5),
  (21, 'richness of countless monuments and unique Balkan climate', 5),
  (22, 'Dubrovnik - the pearl of the Adriatic and Korcula - the Marco Polo Island', 5),
  (23, 'white Caribbean beaches and beautiful coral islets', 6),
  (24, 'vibrant Havana with a unique atmosphere', 6),
  (25, 'world class UNESCO-listed monuments', 6),
  (26, 'smiling inhabitants dancing to the rhythm of salsa', 6),
  (27, 'the best cigars famous all over the world', 6),
  (28, 'all inclusive hotels only', 7),
  (29, 'long, sandy beaches', 7),
  (30, 'amazing coral reefs', 7),
  (31, 'the kingdom of pharaohs and mysterious pyramids', 7),
  (32, 'The great Eiffel Tower , a cabaret Moulin Rouge and fun-filled day at Disneyland Paris', 8),
  (33, 'Lavender fields of Provence and the vineyards of Bordeaux', 8),
  (34, 'The French Riviera is full of its film stars and artists', 8),
  (35, 'Homeland of frogs legs and traditional "crepes" the same as French pancakes', 8),
  (36, 'sun, olives and zorba', 9),
  (37, 'cradle of culture, homeland of myths and the Olympics', 9),
  (38, 'beautiful, diverse beaches and blue sea', 9),
  (39, 'evergreen citrus groves and plantations of vines', 9),
  (40, 'sandy beaches', 10),
  (41, 'famous resorts', 10),
  (42, 'excellent cuisine with pizza and spaghetti', 10),
  (43, 'numerous monuments and magnificent architecture', 10),
  (44, 'great fun guaranteed', 10),
  (45, 'there is a lot of history to discover in Japan', 11),
  (46, 'there are countless of beautiful temples and shrines in Japan', 11),
  (47, 'it’s possible to visit the incredible Mount Fuji', 11),
  (48, 'there are 21 World Heritage Sites in Japan', 11),
  (49, 'the most beautiful beaches in the world', 12),
  (50, 'a true tropical paradise', 12),
  (51, 'one island - one hotel', 12),
  (52, 'luxury holiday', 12),
  (53, 'exoticism just 14 km away from Europe', 13),
  (54, 'golden beaches of Agadir and majestic landscapes of the gór Atlas Mountains', 13),
  (55, 'Essaouira - the Mecca of – wind and kitesurfers', 13),
  (56, 'magic of colors, fragrances and oriental flavors', 13),
  (57, 'mysterious caves and snake charmers', 13),
  (58, 'the hypnotizing Marrakesh', 13),
  (59, 'close to 3000 km of fabulous sandy beaches', 14),
  (60, 'coral reef full of life, ideal conditions for watersports', 14),
  (61, 'exotic, varied landscapes, mysterious desert and green oases', 14),
  (62, 'Oriental architecture, Arab culture and rich tradition', 14),
  (63, 'UNESCO-listed monuments', 14),
  (64, 'a rich heritage and fascinating history', 15),
  (65, 'an impressive list of UNESCO SITES', 15),
  (66, 'a land of castles', 15),
  (67, 'a rich culture and customs', 15),
  (68, 'a diverse landscape and beautiful nature', 15),
  (69, 'long, sandy beaches', 16),
  (70, 'cities teeming-with-life day and night', 16),
  (71, 'wine, flamenco and tapas', 16),
  (72, 'architectural jewels in the cities of Gaudi, Dali and Picasso', 16),
  (73, 'fascinating monuments, Buddhist temples', 17),
  (74, 'excellent conditions for rock climbing and watersports', 17),
  (75, 'dreamlike landscapes, beautiful white beaches', 17),
  (76, 'Thai cuisine surprising with diversity', 17),
  (77, 'beautiful, sandy beaches', 18),
  (78, 'numerous clubs and discos', 18),
  (79, 'famous "Star Wars" town', 18),
  (80, 'sensational expeditions to Sahara', 18),
  (81, 'broad all inclusive offer', 19),
  (82, 'beautiful beaches, excellent climate and weather', 19),
  (83, 'hotels ideal for family holidays', 19),
  (84, 'intense nightlife in bars and discos', 19),
  (85, 'famous Pamukkale, Cappadocia and Istanbul', 19),
  (86, 'great varied cuisine that’s steeped in tradition, like the world famous Borscht', 20),
  (87, 'amazing history of the Cossaks, that dates back to the 14th-century', 20),
  (88, 'You can discover the delightful small town of Lviv', 20),
  (89, 'it has seven world heritage sites in the one country', 20),
  (90, 'beautiful, sandy beaches that stretch out for many kilometers', 21),
  (91, 'futuristic buildings and the tallest building in the world', 21),
  (92, 'huge shopping centres with countless shops', 21),
  (93, 'golden sands of the desert and atmosphere like from the "Tales of 1001 Nights', 21),
  (94, 'elegant and luxurious hotels', 21),
  (95, 'Red telephone booths, double-decker buses and The Great Big Ben in London', 22),
  (96, "Sherlock Holmes's hometown and Harry Potter's magic", 22),
  (97, 'Intense nightlife in trendy clubs and discos', 22),
  (98, 'Word-class galleries, museums and smelling vintage shops for passed years', 22),
  (99, 'Los Angeles with a fabuluous Disneyland, Hollywood and residences in Beverly Hills', 23),
  (100, 'a country of bisons, mustangs and cowboys', 23),
  (101, 'Breathtaking views of Great Canyon of Colorado', 23),
  (102, 'Heavenly beaches - Miami', 23);

INSERT INTO country_images(country_image_id, image_path, top_image, country_id) VALUES
  (1, '/static/img/location/country/2020052311111.jpg', 1, 1),
  (2, '/static/img/location/country/2020052322222.jpg', 1, 2),
  (3, '/static/img/location/country/2020052333333.jpg', 1, 3),
  (4, '/static/img/location/country/2020052344444.jpg', 1, 4),
  (5, '/static/img/location/country/2020051422222.jpeg', 1, 5),
  (6, '/static/img/location/country/2020051433333.jpg', 1, 6),
  (7, '/static/img/location/country/2020051444444.jpeg', 1, 7),
  (8, '/static/img/location/country/2020052355555.jpg', 1, 8),
  (9, '/static/img/location/country/2020051455555.jpg', 1, 9),
  (10, '/static/img/location/country/2020051466666.jpg', 1, 10),
  (11, '/static/img/location/country/2020051477777.jpg', 1, 11),
  (12, '/static/img/location/country/2020051488888.jpg', 1, 12),
  (13, '/static/img/location/country/2020052366666.jpg', 1, 13),
  (14, '/static/img/location/country/2020052377777.jpg', 1, 14),
  (15, '/static/img/location/country/2020052388888.jpg', 1, 15),
  (16, '/static/img/location/country/2020051499999.jpg', 1, 16),
  (17, '/static/img/location/country/2020051411112.jpg', 1, 17),
  (18, '/static/img/location/country/2020052399999.jpg', 1, 18),
  (19, '/static/img/location/country/2020052311112.jpg', 1, 19),
  (20, '/static/img/location/country/2020052311113.jpg', 1, 20),
  (21, '/static/img/location/country/2020051411114.jpg', 1, 21),
  (22, '/static/img/location/country/2020052311114.jpg', 1, 22),
  (23, '/static/img/location/country/2020052311115.jpg', 1, 23);
  